連番,氏名,氏名（カタカナ）,性別,電話番号,メールアドレス,郵便番号,住所,,,,,生年月日,年齢,乱数,パスワード
1,丸田琉奈,マルタルナ,女性,0447413961,ohkls-irfflpcxqruna05453@qitaxgg.qia,299-2521,千葉県,南房総市,白子,2-20-2,,1966-05-13,55,45,jIm43vql
2,川崎咲,カワサキサキ,女性,0440335046,yxdsy=saki2840@deapdwku.cnu,241-0023,神奈川県,横浜市旭区,本宿町,2-9-20,,2007-02-10,14,49,IRaJ0LTB
3,河内雫,カワウチシズク,女性,041713554,shizuku9825@jxllwac.qsj,277-0855,千葉県,柏市,南柏,4-8-3,南柏ステージ119,1971-12-31,49,19,PErikZVE
4,宮下千秋,ミヤシタチアキ,女性,0316919912,chiaki_miyashita@eoulze.xbk,108-0073,東京都,港区,三田,3-4-19,三田グリーン403,1971-06-11,50,37,UAMhImZz
5,柏木恋雪,カシワギコユキ,女性,0482675175,koyuki2096@hzgjn.ot,290-0549,千葉県,市原市,万田野,1-8-17,,2007-09-19,13,60,A_FapdcN
6,日野七都人,ヒノナツト,男性,0400102279,natsuto_hino@zhlnzj.fc,292-0838,千葉県,木更津市,潮浜,2-9-2,,1995-12-23,25,26,"cVE8q,,a"
7,吉井遥,ヨシイハルカ,女性,0449571858,harukayoshii@snlyyb.xhb,232-0013,神奈川県,横浜市南区,山王町,1-12-15,山王町アパート203,2004-04-27,17,45,s4LeXHEB
8,岩瀬淑子,イワセトシコ,女性,0375580660,Toshiko_Iwase@jsgah.nr,185-0023,東京都,国分寺市,西元町,2-20,,1965-04-12,56,28,AekdYx64
9,塚本愛花,ツカモトアイカ,女性,0469488710,aika254@noebt.nl,250-0011,神奈川県,小田原市,栄町,3-12-20,,2003-06-01,18,15,SfbCFsYw
10,天野璃兎,アマノリト,女性,0498127947,rito377@dpvmzqv.vnrip.snz,360-0235,埼玉県,熊谷市,原井,4-10-3,,2007-05-27,14,16,4pLgDPJJ
11,岡山夕葉,オカヤマユウハ,女性,045344009,yuuha6138@yazefkokw.id,355-0116,埼玉県,比企郡吉見町,下銀谷,4-11-8,,2004-07-25,16,25,IHFz5Tni
12,葛西駿吾,カサイシュンゴ,男性,0479957560,shungo_kasai@lxfhv.uae,299-2524,千葉県,南房総市,久保,1-4-17,,1967-11-19,53,51,"NRsWoT,s"
13,倉橋雅敏,クラハシマサトシ,男性,0404087065,masatoshi55718@wfyktlmtff.kdx.rv,270-2329,千葉県,印西市,滝野,3-12-5,滝野メゾン304,1973-06-20,47,17,aMst1L-U
14,大和亜紀,ダイワアキ,女性,0488394898,aki1425@lqgoteisua.ujg,350-1255,埼玉県,日高市,武蔵台,1-2,,1982-11-20,38,43,JLonKgWO
15,福岡美代,フクオカミヨ,女性,0485339380,miyofukuoka@jvmqbzrza.kb,299-4128,千葉県,茂原市,桂飛地,2-16-5,,1984-06-30,36,39,RKGXBS8e
16,岩井松雄,イワイマツオ,男性,0324709709,matsuoiwai@hmzl.pel,103-0004,東京都,中央区,東日本橋,3-8-5,東日本橋コーポ413,1998-01-05,23,11,Hb7GjFIC
17,堀晃,ホリアキラ,男性,0444817682,Akira_Hori@bugf.wcy,211-0023,神奈川県,川崎市中原区,大倉町,3-17,ロイヤル大倉町110,1972-04-04,49,48,WCqO0KND
18,細井一美,ホソイカズミ,女性,0444806753,kazumi634@wvua.pwe,278-0027,千葉県,野田市,みずき,3-12-9,,1981-08-19,39,20,3knIeG5-
19,今泉響子,イマイズミキョウコ,女性,0403999879,oimaizumi@hjbwxcra.fp,344-0126,埼玉県,春日部市,赤崎,1-11,,1975-03-27,46,42,ooFfcW_u
20,黒木皇翠,クロキキスイ,男性,0407702289,kisui655@fnhe.pfze.qjb,292-1167,千葉県,君津市,平田,2-1-17,,2001-11-20,19,30,dEfUq7Xf
21,栗山詩織,クリヤマシオリ,女性,0454004806,Shiori_Kuriyama@kkqpir.cdb,270-2231,千葉県,松戸市,稔台,4-18-12,,1974-04-12,47,49,iyBRWJaE
22,小沢璃空,オザワリク,男性,0493440552,riku11505@muyr.gahy.sj,344-0067,埼玉県,春日部市,中央,3-11-7,,2008-09-15,12,11,Ejw-sS51
23,杉野多紀,スギノタキ,女性,0382385662,taki9032@inomayizgz.yr,108-0073,東京都,港区,三田,1-13,プラザ三田400,1990-08-01,30,41,Mm00r5b6
24,今村紗那,イマムラサナ,女性,0365620037,sana41766@latorkohhx.inh,162-0855,東京都,新宿区,二十騎町,1-14-13,タワー二十騎町216,1973-03-14,48,21,nHCpbx7l
25,花井美久,ハナイミク,女性,0456826000,miku4364@zennx.cas,367-0218,埼玉県,本庄市,児玉町児玉南,3-18-12,児玉町児玉南ガーデン112,1990-06-15,30,47,0x3P3nmu
26,板倉博司,イタクラヒロシ,男性,0492392362,hiroshi086@kdqwdqnra.fnw,355-0331,埼玉県,比企郡小川町,靱負,1-13,靱負フォレスト317,1961-10-24,59,36,BAqdvxgG
27,桜田亜紀,サクラダアキ,女性,0438061618,aki683@dwayoyxbh.uk,299-5504,千葉県,鴨川市,浜荻,3-2-8,,1978-08-06,42,23,2dyRwxV_
28,武藤巌,タケフジイワオ,男性,0428684497,otakefuji@quqrsz.sjf,286-0134,千葉県,成田市,東和田,1-14-12,メゾン東和田415,1969-02-19,52,50,oqlhN-x7
29,木下響子,キノシタキョウコ,女性,0464021454,gsezruxtwhstevekyouko6563@nejd.mp,210-0004,神奈川県,川崎市川崎区,宮本町,4-14-13,,2000-01-28,21,25,6STMGLEu
30,三好孝二,ミヨシコウジ,男性,0494260265,kouji_miyoshi@eicmprlgm.ga,350-1144,埼玉県,川越市,稲荷町,1-14-9,稲荷町庵210,1984-03-07,37,28,z1N2mPjT
31,根岸映奈,ネギシエイナ,女性,0496553028,anegishi@zrzxqfwx.iw.xq,350-0402,埼玉県,入間郡越生町,鹿下,1-17-19,,1986-01-19,35,31,ZxPJN-l1
32,三井辰夫,ミツイタツオ,男性,0419636164,onirxrljtktatsuo339@onazb.buu,341-0031,埼玉県,三郷市,岩野木,1-12-20,,1990-03-22,31,48,mCV2J1ul
33,湊康代,ミナトヤスヨ,女性,0335278942,yasuyominato@dpnz.afg,145-0072,東京都,大田区,田園調布本町,1-8-16,,2007-04-15,14,48,mRxNeCfu
34,桜田恵美,サクラダエミ,女性,0437782062,emi67954@qiamdyzu.vkc.nsu,294-0224,千葉県,館山市,藤原,4-14-13,,1964-04-02,57,15,",dl6Ty26"
35,下田里桜,シモダリオ,女性,0443179569,rio_shimoda@csfc.cxl,210-0824,神奈川県,川崎市川崎区,日ノ出,1-2,,1987-06-27,33,11,Kc2h3rbc
36,清田京香,キヨタキョウカ,女性,0362108643,kyouka309@fhaczyddyh.tri,179-0082,東京都,練馬区,錦,2-13,,2000-12-22,20,36,Tfoqka5v
37,若林一彦,ワカバヤシカズヒコ,男性,041039104,kazuhiko5493@oytxwouy.ckr,270-2305,千葉県,印西市,佐野屋,3-15-7,,1967-05-20,54,12,Md_xYaSD
38,松村善四郎,マツムラゼンシロウ,男性,047099971,ryylvmpimiapbvnzenshirou48132@taeju.xce,273-0132,千葉県,鎌ケ谷市,粟野,2-1-9,粟野グランド110,1979-07-09,41,11,LhxZcR81
39,古谷心羽,フルヤミハネ,女性,0438309153,mihanefuruya@jfsdz.pozcu.nvx,299-4301,千葉県,長生郡一宮町,一宮,1-12,,1991-11-29,29,40,Oq2kyuWi
40,石崎詩織,イシザキシオリ,女性,0440134923,shiori7630@kbcee.hmi,331-0821,埼玉県,さいたま市北区,別所町,4-4-15,,1978-12-14,42,28,wvxd6joS
41,真鍋映日,マナベアキヒ,男性,0454864068,v-omzjlifcsxakihi109@yslyrly.zqp,223-0058,神奈川県,横浜市港北区,新吉田東,1-16-19,,2000-02-05,21,59,iv62IcDr
42,梅村三喜,ウメムラミキ,男性,0467130570,miki04082@eueelvmiio.ant,358-0008,埼玉県,入間市,河原町,4-9-14,,1992-11-26,28,12,xv1ZEoaV
43,難波竹雄,ナンバタケオ,男性,046419502,onamba@zynwz.qe,213-0001,神奈川県,川崎市高津区,溝口,4-9-11,,1977-10-11,43,45,"3,gL6Q,I"
44,立石真歩,タテイシマホ,女性,0310196176,maho_tateishi@whby.mo,151-0064,東京都,渋谷区,上原,3-2-14,,1987-10-25,33,34,qwvQ-iSs
45,菅沼徳三郎,スガヌマトクサブロウ,男性,0481554972,usuganuma@cqpshmlqx.eze,342-0024,埼玉県,吉川市,半割,1-19-12,,1962-09-25,58,48,B6yJYYEd
46,森永留吉,モリナガトメキチ,男性,0471061159,tomekichi7461@ozkmrs.skr,360-0831,埼玉県,熊谷市,久保島,3-11-8,久保島庵310,1966-05-23,55,21,EFaiadZ9
47,黒崎美和子,クロザキミワコ,女性,048871733,miwakokurozaki@nldbz.es,357-0126,埼玉県,飯能市,下赤工,4-5-20,,1977-06-15,43,35,42mqxp76
48,新谷範明,アラヤノリアキ,男性,0463717895,noriaki264@gfiym.akk.ke,220-0002,神奈川県,横浜市西区,南軽井沢,4-10-2,,1961-11-25,59,37,ZQyMk8x9
49,植田直花,ウエダナオカ,女性,0478002004,ahutbhnaoka5289@bzycxq.glf.sqs,292-0835,千葉県,木更津市,築地,4-13-20,,2010-07-08,10,24,bgA_eXGg
50,外山咲菜,ソトヤマサナ,女性,044293527,asotoyama@ayseakdcy.bjt,295-0026,千葉県,南房総市,千倉町大川,2-5,,1969-12-28,51,38,BpTKIpDq
51,倉持怜那,クラモチレイナ,女性,0432774752,akuramochi@aozyuoj.ocg,346-0028,埼玉県,久喜市,河原井町,1-19,,2004-11-02,16,24,dD7_Mo0J
52,水田瑞樹,ミズタミズキ,女性,0466666550,Mizuki_Mizuta@wuhskvus.beg,211-0034,神奈川県,川崎市中原区,井田中ノ町,3-17-1,ザ井田中ノ町211,1982-02-21,39,54,BnyoGgse
53,安東瑞姫,アンドウミズキ,女性,046810822,ibpwvymizuki062@glxv.mpj,231-0848,神奈川県,横浜市中区,鷺山,1-13-1,,1978-09-12,42,54,cMkwIL91
54,古山晃子,フルヤマアキコ,女性,0452140584,akiko6055@qnkxsbxxm.lbv,350-1204,埼玉県,日高市,新堀新田,1-19-6,,1983-08-10,37,59,lR6jPDxE
55,島湊大,シマソウダイ,男性,0345940935,tij-=wteaoydhsoudai0108@tvnwfg.lzox.xd,162-0855,東京都,新宿区,二十騎町,1-10,二十騎町コーポ409,2002-09-16,18,25,doyEGjZ4
56,藤巻武雄,フジマキタケオ,男性,0451629130,ofujimaki@dxaygz.zxw,244-0003,神奈川県,横浜市戸塚区,戸塚町,1-20-14,,1983-11-29,37,38,IZ7QhSF0
57,中谷松夫,ナカタニマツオ,男性,0400692022,Matsuo_Nakatani@qturlddznp.gjf,289-1328,千葉県,山武市,湯坂,2-5-17,,1989-07-07,31,59,ZKu6P56i
58,塩谷新治,シオタニシンジ,男性,0497482518,shinji_shiotani@micmtsw.krw,360-0232,埼玉県,熊谷市,道ケ谷戸,4-11,道ケ谷戸の杜117,1991-01-24,30,59,"rKeU4,eC"
59,吉岡華絵,ヨシオカカエ,女性,0418686269,eyoshioka@hcggpt.smh,355-0026,埼玉県,東松山市,和泉町,4-13-11,ステージ和泉町208,1991-08-12,29,23,_XW54gNH
60,稲田花菜,イナダハナ,女性,0311479571,hana_inada@ievqwzuneo.wd,100-0006,東京都,千代田区,有楽町,4-6-1,メゾン有楽町206,1999-06-08,22,28,9NsU632-
61,長野春奈,ナガノハルナ,女性,0453701692,anagano@eugadkpig.gli.rwa,298-0267,千葉県,夷隅郡大多喜町,葛藤,2-11,葛藤コーポ412,1987-06-11,34,14,f1EXeFzr
62,的場心菜,マトバココナ,女性,0338824214,amatoba@yzulo.fd,146-0082,東京都,大田区,池上,2-13-10,,1982-11-19,38,54,pn_CfA-G
63,仲田小冬音,ナカダコトネ,女性,0308790645,kotone2158@bwcbkeqhi.hy,103-0004,東京都,中央区,東日本橋,2-20-18,,2000-10-07,20,22,rHSojmrk
64,山岡実緒,ヤマオカミオ,女性,0478519417,mio_yamaoka@ptwosllfq.fxt,297-0007,千葉県,茂原市,腰当,4-11,腰当シティ414,1964-09-05,56,56,gQNE2fqf
65,江崎金一,エザキキンイチ,男性,0469971149,kinichiezaki@qwnveeg.qxhi.frr,347-0112,埼玉県,加須市,芋茎,4-9,,1988-04-14,33,17,C1Vi9Rgg
66,堀内咲和美,ホリウチサワミ,女性,0319797897,sawamihoriuchi@cretx.xaa,114-0034,東京都,北区,上十条,2-5-10,,1978-01-18,43,32,8pQBYvgd
67,沢良吉,サワリョウキチ,男性,0454531856,cysxn-erryoukichi684@lfdmqufbxs.no,350-2201,埼玉県,鶴ヶ島市,富士見,3-15-17,,1988-11-23,32,24,2yDIJsAS
68,大浦結奈,オオウラユウナ,女性,0359725724,aooura@nebfwa.yoxvn.qf,203-0001,東京都,東久留米市,上の原,2-9-15,スイート上の原219,1981-08-12,39,56,qx7YEAhQ
69,村上美穂子,ムラカミミホコ,女性,0407609493,mihoko279@ummhcozli.oxaz.gr,289-2111,千葉県,匝瑳市,川向,2-7-18,ガーデン川向319,1988-02-20,33,55,AXkBD-De
70,横尾萌子,ヨコオモエコ,女性,0387607194,moeko47597@yixme.sw,113-0021,東京都,文京区,本駒込,3-15-9,,1962-12-21,58,58,YFCPbBPb
71,小椋心美,オグラココミ,女性,041716428,kokomiogura@jkuwcgvc.mjw,289-0341,千葉県,香取市,虫幡,2-19,,1996-07-21,24,44,DU5TbtWR
72,玉置勝雄,タマキカツオ,男性,042228380,katsuo6991@tgpi.fm,350-1234,埼玉県,日高市,上鹿山,1-5,,1994-07-20,26,31,MnFcnSAo
73,大井莉穂,オオイリホ,女性,0383699834,riho36904@mkfujsa.ymw,108-0073,東京都,港区,三田,4-2-11,,1994-04-23,27,36,pryHLggH
74,北沢実桜,キタザワミオ,女性,0430868550,mio080@fymukqm.jtbzt.jtv,299-4118,千葉県,茂原市,榎神房飛地,2-17,,1980-05-05,41,13,OhmS1vyX
75,浜田菜月,ハマダナヅキ,女性,0465026566,nazuki144@nqbq.fm,349-1201,埼玉県,加須市,柳生,4-16-6,,1963-09-14,57,38,vh9lF3cE
76,勝又希望,カツマタノゾミ,女性,0467207732,nozomi7058@zkdijauia.bvo,259-1137,神奈川県,伊勢原市,笠窪,2-5-8,笠窪テラス101,1995-10-16,25,32,"k,KO4ENB"
77,富沢宏江,トミザワヒロエ,女性,0457935580,hiroe730@qpvluis.er,288-0067,千葉県,銚子市,新地町,4-1-2,,1971-08-24,49,48,u2tDRnBO
78,福元智,フクモトサトシ,男性,0325503265,satoshi879@bfyuckw.zj,106-0031,東京都,港区,西麻布,4-8-4,,1988-08-16,32,28,UspCZbH4
79,小坂雅江,オサカマサエ,女性,0458617177,masae_osaka@dnyy.lq.cni,270-2322,千葉県,印西市,笠神,2-5-8,,1985-06-29,35,12,sv7Q2t9b
80,手塚雅,テヅカミヤビ,女性,043777981,itezuka@ooxgazoo.gv,299-1145,千葉県,君津市,西坂田,2-12-6,,2010-01-22,11,51,lMMVG_j3
81,岩永萌恵,イワナガモエ,女性,0469646179,Moe_Iwanaga@uzfo.xmt,221-0062,神奈川県,横浜市神奈川区,浦島丘,3-19,浦島丘パレス413,1966-09-04,54,40,VZNfWQIA
82,秋本茉央,アキモトマオ,女性,0323785980,vwgtw=ntmao042@smuap.ol,160-0005,東京都,新宿区,愛住町,3-1,,1989-12-25,31,48,fKMlPXDZ
83,岡島絢香,オカジマアヤカ,女性,0454256875,ayakaokajima@glrxdyry.re,220-0002,神奈川県,横浜市西区,南軽井沢,1-3-16,南軽井沢ヒル308,1985-08-04,35,20,WJyMEQEM
84,川畑宏冴,カワバタコウガ,男性,0321683239,kouga_kawabata@ohurlvb.gjq,162-0855,東京都,新宿区,二十騎町,1-11-10,,2006-07-19,14,40,"n,6tY3EZ"
85,南田由姫,ミナミダユキ,女性,0497478747,yuki85643@onellcxshl.tuo,347-0066,埼玉県,加須市,本町,2-18-16,,1963-07-21,57,59,_a8ezTkL
86,岩下美緒,イワシタミオ,女性,0467172759,mio_iwashita@tjqkmsar.so,230-0076,神奈川県,横浜市鶴見区,馬場,1-17-6,馬場ゴールデン406,1991-08-13,29,21,V2sU4iuR
87,沢村佳音,サワムラカノン,女性,0463883842,nsawamura@tvsphh.gx,246-0038,神奈川県,横浜市瀬谷区,宮沢,1-8-20,ロイヤル宮沢215,1984-10-19,36,56,Xejq5X1q
88,坂元和花菜,サカモトワカナ,女性,0496934837,glgnbvuavkmjwakana61481@ufqme.qah,369-0104,埼玉県,熊谷市,冑山,3-16-14,グリーン冑山108,2006-06-28,14,14,MYodIHDF
89,高井遙,タカイハルカ,女性,0377659709,haruka69734@zxpmey.aw,192-0907,東京都,八王子市,長沼町,2-19,長沼町シーサイド211,1968-04-07,53,32,GNyF6nzm
90,北満夫,キタミツオ,男性,0473059292,ho-f-kdcvnbmitsuo96175@ugulodtm.hc,355-0813,埼玉県,比企郡滑川町,月輪,3-18,月輪パレス104,1979-10-08,41,28,DWiszl0j
91,塩沢真理,シオザワマリ,女性,0321519557,mari190@gmvamf.ze,168-0073,東京都,杉並区,下高井戸,2-7-18,,1982-05-01,39,24,MlG0GP69
92,福元鈴美玲,フクモトスミレ,女性,0462125892,sumirefukumoto@znpdopahj.pgr.rie,259-0314,神奈川県,足柄下郡湯河原町,宮上,2-17,ガーデン宮上217,1986-07-09,34,33,d8PiXFv7
93,白鳥博子,シラトリヒロコ,女性,0412078109,hiroko99300@jqtabyglxb.lce,358-0051,埼玉県,入間市,牛沢町,2-3,,1961-08-31,59,17,9Zrcp4hg
94,矢野和義,ヤノカズヨシ,男性,0421107026,kazuyoshi1184@ovzcw.ged,363-0016,埼玉県,桶川市,寿,4-13-13,寿ゴールデン314,1965-01-16,56,12,-mRDaX5a
95,砂川美桜,サガワミオ,女性,0448642753,mio0439@shxuydw.gpu,231-0861,神奈川県,横浜市中区,元町,3-11-16,,1991-05-10,30,59,"8pmwh,tD"
96,村井和裕,ムライカズヒロ,男性,0469801055,omurai@cstw.hrm.nax,230-0014,神奈川県,横浜市鶴見区,諏訪坂,3-6-2,,2000-01-18,21,56,38BNKruw
97,津田睦夫,ツダムツオ,男性,0499845408,mutsuo_tsuda@ngxt.li,360-0123,埼玉県,熊谷市,下恩田,4-15,下恩田の杜413,1982-08-25,38,53,0t9l8iid
98,小寺二菜,オデラニナ,女性,0469859505,nina392@nvmf.xsq,299-0216,千葉県,袖ケ浦市,阿部,1-14-7,プラザ阿部319,2007-12-05,13,10,SvvXuMVd
99,牧帆香,マキホノカ,女性,0455381029,honoka_maki@egjlchoem.evnq.fzw,250-0023,神奈川県,小田原市,米神,1-8-1,ロイヤルパレス米神409,1984-01-22,37,29,vr9CozvK
100,仲野晋,ナカノススム,男性,0420340121,susumu602@epvkbghkp.jr,361-0017,埼玉県,行田市,若小玉,4-2,,1981-04-29,40,46,INFXn0kE
